name,logo_url,region_code,found_date,description
Atlanta Hawks,https://upload.wikimedia.org/wikipedia/en/thumb/2/24/Atlanta_Hawks_logo.svg/250px-Atlanta_Hawks_logo.svg.png,us,1946-01-01,"""An American professional basketball team based in Atlanta, the franchise's origins trace to the establishment of the Buffalo Bisons in 1946. The team has since been based in Moline, Illinois (as the Tri-Cities Blackhawks), Milwaukee, and St. Louis, where they won their only NBA Championship in 1958, before relocating to Atlanta in 1968."""
Boston Celtics,https://upload.wikimedia.org/wikipedia/en/thumb/8/8f/Boston_Celtics.svg/200px-Boston_Celtics.svg.png,us,1946-06-06,"""Based in Boston, the Celtics are one of the NBA's original franchises, founded in 1946. They are regarded as one of the most successful teams in league history, holding the record for the most NBA Championships with 18 titles. The team's historic rivalry with the Los Angeles Lakers is a cornerstone of NBA lore."""
Brooklyn Nets,https://upload.wikimedia.org/wikipedia/en/thumb/4/40/Brooklyn_Nets_primary_icon_logo_2024.svg/250px-Brooklyn_Nets_primary_icon_logo_2024.svg.png,us,1967-01-01,"""Established in 1967 as the New Jersey Americans, a charter franchise of the American Basketball Association (ABA). The team became the New York Nets and won two ABA championships in 1974 and 1976, led by Hall of Famer Julius Erving. After the ABA-NBA merger, they moved back to New Jersey, playing as the New Jersey Nets from 1977 to 2012 before relocating to Brooklyn."""
Charlotte Hornets,https://upload.wikimedia.org/wikipedia/en/thumb/c/c4/Charlotte_Hornets_%282014%29.svg/250px-Charlotte_Hornets_%282014%29.svg.png,us,1988-01-01,"""An American professional team based in Charlotte, North Carolina. The original Hornets franchise was established in 1988 but relocated to New Orleans in 2002. The league returned to Charlotte in 2004 with the expansion Charlotte Bobcats. In 2014, the Bobcats were renamed the Hornets and acquired the history and records of the original 1988–2002 Charlotte team."""
Chicago Bulls,https://upload.wikimedia.org/wikipedia/en/thumb/6/67/Chicago_Bulls_logo.svg/200px-Chicago_Bulls_logo.svg.png,us,1966-01-16,"""Founded in 1966, the Chicago Bulls are a professional basketball team based in Chicago. The franchise is famed for its dynasty in the 1990s, when, led by Michael Jordan and Scottie Pippen, they won six NBA championships. The Bulls are the only NBA franchise to win multiple titles while never losing an NBA Finals series."""
Cleveland Cavaliers,https://upload.wikimedia.org/wikipedia/commons/thumb/4/4b/Cleveland_Cavaliers_logo.svg/250px-Cleveland_Cavaliers_logo.svg.png,us,1970-01-01,"""Based in Cleveland, Ohio, the Cavaliers joined the NBA in 1970 as an expansion team. The franchise's most successful period came with the drafting of LeBron James, who led the team to its first NBA Finals appearance in 2007 and its first and only NBA championship in 2016."""
Dallas Mavericks,https://upload.wikimedia.org/wikipedia/en/thumb/9/97/Dallas_Mavericks_logo.svg/210px-Dallas_Mavericks_logo.svg.png,us,1980-01-01,"""An American professional basketball team based in Dallas, Texas, founded in 1980. After a period of success in the 1980s, the franchise was defined by the career of Dirk Nowitzki, who led the team to its only NBA championship in 2011. The team has won three conference championships."""
Denver Nuggets,https://upload.wikimedia.org/wikipedia/en/thumb/7/76/Denver_Nuggets.svg/250px-Denver_Nuggets.svg.png,us,1967-01-01,"""Based in Denver, Colorado, the franchise was founded as the Denver Larks in 1967 as a charter member of the American Basketball Association (ABA), but was renamed the Rockets before its first season. The team was renamed the Nuggets in 1974 and joined the NBA in 1976 during the ABA-NBA merger. The team won its first NBA championship in 2023."""
Detroit Pistons,https://upload.wikimedia.org/wikipedia/commons/thumb/c/c9/Logo_of_the_Detroit_Pistons.svg/250px-Logo_of_the_Detroit_Pistons.svg.png,us,1937-01-01,"""An American professional basketball team based in Detroit. The franchise was founded in 1937 as the Fort Wayne Zollner Pistons, a semi-professional team that turned professional in 1941. After joining the NBA, the team relocated to Detroit in 1957. The Pistons have won three NBA championships (1989, 1990, 2004)."""
Golden State Warriors,https://upload.wikimedia.org/wikipedia/en/thumb/0/01/Golden_State_Warriors_logo.svg/200px-Golden_State_Warriors_logo.svg.png,us,1946-01-01,"""Founded in 1946 as the Philadelphia Warriors, a charter member of the Basketball Association of America (BAA). The team moved to the San Francisco Bay Area in 1962 and became the Golden State Warriors in 1971. The franchise has won seven championships, including the inaugural BAA championship in 1947 and four titles in the 21st century."""
Houston Rockets,https://upload.wikimedia.org/wikipedia/en/thumb/2/28/Houston_Rockets.svg/170px-Houston_Rockets.svg.png,us,1967-01-01,"""An American professional basketball team based in Houston, Texas. The franchise was established in 1967 as the San Diego Rockets, an expansion team. The team relocated to Houston in 1971. The Rockets won back-to-back NBA championships in 1994 and 1995, led by Hall of Fame center Hakeem Olajuwon."""
Indiana Pacers,https://upload.wikimedia.org/wikipedia/en/thumb/1/1b/Indiana_Pacers.svg/250px-Indiana_Pacers.svg.png,us,1967-01-01,"""Based in Indianapolis, Indiana, the Pacers were founded in 1967 as a charter member of the American Basketball Association (ABA). They were a dominant force in the ABA, winning three championships. The Pacers joined the NBA in 1976 as part of the merger and reached the NBA Finals in 2000."""
Los Angeles Clippers,https://upload.wikimedia.org/wikipedia/en/thumb/b/bb/Los_Angeles_Clippers_%282024%29.svg/250px-Los_Angeles_Clippers_%282024%29.svg.png,us,1970-01-01,"""An American professional team based in the Los Angeles area. The franchise was founded in 1970 as the Buffalo Braves. It relocated to San Diego in 1978, becoming the Clippers, before moving to Los Angeles in 1984. The franchise has won three division titles."""
Los Angeles Lakers,https://upload.wikimedia.org/wikipedia/commons/thumb/3/3c/Los_Angeles_Lakers_logo.svg/250px-Los_Angeles_Lakers_logo.svg.png,us,1946-01-01,"""One of the most successful teams in NBA history, the Lakers franchise began in 1946 as the Detroit Gems of the NBL. The team relocated to Minneapolis in 1947, becoming the Minneapolis Lakers and winning five championships before moving to Los Angeles in 1960. The Lakers have won 17 NBA championships in total, tied for the most in league history."""
Memphis Grizzlies,https://upload.wikimedia.org/wikipedia/en/thumb/f/f1/Memphis_Grizzlies.svg/190px-Memphis_Grizzlies.svg.png,us,1995-01-01,"""An American professional basketball team based in Memphis, Tennessee. The franchise was established in 1995 as the Vancouver Grizzlies, as part of the NBA's expansion into Canada. The team relocated to Memphis in 2001. The Grizzlies have won two division titles."""
Miami Heat,https://upload.wikimedia.org/wikipedia/en/thumb/f/fb/Miami_Heat_logo.svg/200px-Miami_Heat_logo.svg.png,us,1988-01-01,"""Based in Miami, Florida, the Heat joined the NBA in 1988 as an expansion team. The franchise has won three NBA championships (2006, 2012, 2013) and has made seven NBA Finals appearances, establishing itself as a perennial contender in the Eastern Conference."""
Milwaukee Bucks,https://upload.wikimedia.org/wikipedia/en/thumb/4/4a/Milwaukee_Bucks_logo.svg/250px-Milwaukee_Bucks_logo.svg.png,us,1968-01-22,"""An American professional basketball team based in Milwaukee, Wisconsin, founded in 1968 as an expansion team. The Bucks won their first NBA championship in 1971, led by Kareem Abdul-Jabbar and Oscar Robertson. They won their second title 50 years later in 2021, led by Giannis Antetokounmpo."""
Minnesota Timberwolves,https://upload.wikimedia.org/wikipedia/en/thumb/c/c2/Minnesota_Timberwolves_logo.svg/250px-Minnesota_Timberwolves_logo.svg.png,us,1987-04-22,"""Based in Minneapolis, Minnesota, the Timberwolves joined the NBA in 1989 as an expansion team. The franchise's most successful period was in the late 1990s and early 2000s, led by Kevin Garnett, culminating in a Western Conference Finals appearance in 2004."""
New Orleans Pelicans,https://upload.wikimedia.org/wikipedia/en/thumb/0/0d/New_Orleans_Pelicans_logo.svg/250px-New_Orleans_Pelicans_logo.svg.png,us,2002-01-01,"""An American professional basketball team based in New Orleans, Louisiana. The franchise was established as the New Orleans Hornets in 2002 following the relocation of the original Charlotte Hornets. The team was renamed the Pelicans in 2013. They have won one division title."""
New York Knicks,https://upload.wikimedia.org/wikipedia/en/thumb/2/25/New_York_Knicks_logo.svg/250px-New_York_Knicks_logo.svg.png,us,1946-01-01,"""Based in Manhattan, New York City, the Knicks are one of the two original NBA teams still located in their founding city. Established in 1946 as a charter member of the BAA, the Knicks have won two NBA championships (1970, 1973) and have a storied history at their home court, Madison Square Garden."""
Oklahoma City Thunder,https://upload.wikimedia.org/wikipedia/en/thumb/5/5d/Oklahoma_City_Thunder.svg/200px-Oklahoma_City_Thunder.svg.png,us,1967-01-01,"""An American professional basketball team based in Oklahoma City. The franchise was originally established as the Seattle SuperSonics in 1967, winning an NBA championship in 1979. The team relocated to Oklahoma City in 2008 and was renamed the Thunder. They reached the NBA Finals in 2012."""
Orlando Magic,https://upload.wikimedia.org/wikipedia/en/thumb/1/10/Orlando_Magic_logo.svg/250px-Orlando_Magic_logo.svg.png,us,1989-01-01,"""Based in Orlando, Florida, the Magic joined the NBA in 1989 as an expansion franchise. The team has reached the NBA Finals twice, in 1995 with Shaquille O'Neal and Penny Hardaway, and in 2009 with Dwight Howard. The franchise has won seven division titles."""
Philadelphia 76ers,https://upload.wikimedia.org/wikipedia/en/thumb/0/0e/Philadelphia_76ers_logo.svg/200px-Philadelphia_76ers_logo.svg.png,us,1946-01-01,"""One of the oldest franchises in the NBA, the team was founded in 1946 as the Syracuse Nationals in the NBL. They relocated to Philadelphia in 1963, becoming the 76ers. The franchise has won three NBA championships, one as the Nationals in 1955, and two as the 76ers in 1967 and 1983."""
Phoenix Suns,https://upload.wikimedia.org/wikipedia/en/thumb/d/dc/Phoenix_Suns_logo.svg/250px-Phoenix_Suns_logo.svg.png,us,1968-01-01,"""Based in Phoenix, Arizona, the Suns joined the NBA in 1968 as an expansion team. They have the highest all-time winning percentage of any team to have never won an NBA championship. The Suns have made three NBA Finals appearances (1976, 1993, 2021) and have won eight division titles."""
Portland Trail Blazers,https://upload.wikimedia.org/wikipedia/en/thumb/2/21/Portland_Trail_Blazers_logo.svg/250px-Portland_Trail_Blazers_logo.svg.png,us,1970-01-01,"""An American professional basketball team based in Portland, Oregon, founded in 1970 as an expansion team. The Trail Blazers won the NBA championship in 1977, led by Bill Walton. The team has made two other NBA Finals appearances in 1990 and 1992."""
Sacramento Kings,https://upload.wikimedia.org/wikipedia/en/thumb/c/c7/SacramentoKings.svg/180px-SacramentoKings.svg.png,us,1923-01-01,"""The oldest franchise in the NBA, the team's history began in 1923 as the semi-professional Rochester Seagrams. The franchise joined the NBL in 1945 as the Rochester Royals, winning an NBL title in 1946 and an NBA title in 1951. After stints in Cincinnati and Kansas City, the team moved to Sacramento in 1985."""
San Antonio Spurs,https://upload.wikimedia.org/wikipedia/en/thumb/a/a2/San_Antonio_Spurs.svg/250px-San_Antonio_Spurs.svg.png,us,1967-01-01,"""Based in San Antonio, Texas, the franchise was founded in 1967 as the Dallas Chaparrals of the ABA. The team moved to San Antonio in 1973 and was renamed the Spurs before joining the NBA in the 1976 merger. The Spurs have won five NBA championships (1999, 2003, 2005, 2007, 2014)."""
Toronto Raptors,https://upload.wikimedia.org/wikipedia/en/thumb/3/36/Toronto_Raptors_logo.svg/250px-Toronto_Raptors_logo.svg.png,us,1993-11-04,"""A Canadian professional basketball team based in Toronto, founded in 1995 as part of the NBA's expansion into Canada. Since the 2001–02 season, the Raptors have been the only Canadian team in the league. They won their first NBA championship in 2019."""
Utah Jazz,https://upload.wikimedia.org/wikipedia/en/thumb/7/77/Utah_Jazz_logo_2025.svg/250px-Utah_Jazz_logo_2025.svg.png,us,1974-06-07,"""Based in Salt Lake City, the franchise began play in 1974 as the New Orleans Jazz, an expansion team. The team relocated to Utah in 1979. The Jazz are known for the Hall of Fame duo of John Stockton and Karl Malone, who led the team to two NBA Finals appearances in 1997 and 1998."""
Washington Wizards,https://upload.wikimedia.org/wikipedia/en/thumb/0/02/Washington_Wizards_logo.svg/250px-Washington_Wizards_logo.svg.png,us,1961-01-01,"""Based in Washington, D.C., the franchise was established in 1961 as the Chicago Packers, the NBA's first expansion team. After one season, they became the Chicago Zephyrs, then moved to become the Baltimore Bullets, Capital Bullets, and Washington Bullets before rebranding as the Wizards in 1997. The franchise won the NBA championship in 1978."""
Anadolu Efes,https://upload.wikimedia.org/wikipedia/en/thumb/9/91/Anadolu_Efes_SK_logo.svg/250px-Anadolu_Efes_SK_logo.svg.png,eu,1976-01-01,"""A Turkish professional basketball team based in Istanbul. Founded in 1976, it is the most successful club in the history of the Turkish Super League (BSL) with 16 championships. The club has also achieved significant European success, winning back-to-back EuroLeague titles in 2021 and 2022."""
Baskonia,https://upload.wikimedia.org/wikipedia/en/thumb/6/6a/Saski_Baskonia.png/250px-Saski_Baskonia.png,eu,1959-12-26,"""A professional basketball team based in Vitoria-Gasteiz, Spain. Founded in 1959, the club competes in the Liga ACB and the EuroLeague. Baskonia has won four Spanish championships and is known for its strong record of developing elite international and NBA-level talent."""
FC Barcelona Bàsquet,https://upload.wikimedia.org/wikipedia/en/thumb/4/47/FC_Barcelona_%28crest%29.svg/205px-FC_Barcelona_%28crest%29.svg.png,eu,1926-08-24,"""The professional basketball team of the FC Barcelona multi-sports club, based in Barcelona, Spain. Founded in 1926, it is the oldest club in the Liga ACB. Barça is one of the most successful teams in Europe, having won two EuroLeague titles and completing a Triple Crown in 2003."""
Fenerbahçe Basketball,https://upload.wikimedia.org/wikipedia/en/thumb/0/0b/Fenerbah%C3%A7e_Men%27s_Basketball_logo.svg/205px-Fenerbah%C3%A7e_Men%27s_Basketball_logo.svg.png,eu,1913-01-01,"""The men's basketball department of Fenerbahçe S.K., a major Turkish multi-sport club based in Istanbul. The basketball section was founded in 1913. The team became the first Turkish club to win the EuroLeague in 2017 and is a dominant force in the Turkish Basketball Super League."""
Maccabi Tel Aviv B.C.,https://upload.wikimedia.org/wikipedia/en/thumb/6/6b/Maccabi_Tel_Aviv_BC_logo.svg/190px-Maccabi_Tel_Aviv_BC_logo.svg.png,eu,1932-01-01,"""A professional basketball club based in Tel Aviv, Israel. Founded in 1932, it is the most successful team in Israeli basketball history, with 57 Israeli championships. Maccabi is also a European powerhouse, having won 6 EuroLeague championships."""
Olimpia Milano,https://upload.wikimedia.org/wikipedia/en/thumb/3/3d/Pallacanestro_Olimpia_Milano_logo.svg/200px-Pallacanestro_Olimpia_Milano_logo.svg.png,eu,1930-01-01,"""An Italian professional basketball team based in Milan. Founded in 1930, it is the most successful club in Italy, with 31 Italian League championships. Known for its red and white colors and the nickname """"Scarpette Rosse"""" (Little Red Shoes), the club has also won 3 EuroLeague titles."""
Olympiacos B.C.,https://upload.wikimedia.org/wikipedia/en/thumb/7/7f/Olympiacos_BC_logo.svg/185px-Olympiacos_BC_logo.svg.png,eu,1931-01-01,"""A Greek professional basketball club based in Piraeus, part of the Olympiacos CFP multi-sport club. The basketball department was established in 1931. Olympiacos is a major European power, having won 3 EuroLeague titles and being the only Greek club to win back-to-back European championships."""
Panathinaikos B.C.,https://upload.wikimedia.org/wikipedia/en/thumb/1/18/Panathinaikos_BC_logo.svg/250px-Panathinaikos_BC_logo.svg.png,eu,1919-01-01,"""The professional basketball team of the Panathinaikos A.O. multi-sport club in Athens, Greece. The basketball section was founded in 1919, making it one of the oldest in the country. Panathinaikos is the most successful club in Greek basketball history and one of the most successful in Europe, with 7 EuroLeague championships."""
Real Madrid Baloncesto,https://upload.wikimedia.org/wikipedia/en/thumb/b/be/Real_Madrid_Baloncesto.png/250px-Real_Madrid_Baloncesto.png,eu,1931-03-08,"""The professional basketball section of the Real Madrid CF multi-sport club, based in Madrid, Spain. Founded in 1931, it is arguably the most successful basketball club in European history, having won a record 11 EuroLeague championships and a record 38 Spanish League titles."""
ASVEL Basket,https://upload.wikimedia.org/wikipedia/en/thumb/7/71/LDLC_ASVEL_Basket.svg/105px-LDLC_ASVEL_Basket.svg.png,eu,1948-01-01,"""A French professional basketball team based in Villeurbanne, a suburb of Lyon. Founded in 1948, the club is the most successful in French basketball history, with 21 LNB Élite championships. The club's president is former NBA star Tony Parker."""
FC Bayern Munich (basketball),https://upload.wikimedia.org/wikipedia/commons/thumb/f/f5/Logo_FC_Bayern_M%C3%BCnchen_Basketball_ab_2022.png/250px-Logo_FC_Bayern_M%C3%BCnchen_Basketball_ab_2022.png,eu,1946-01-01,"""The basketball section of the FC Bayern Munich sports club, based in Munich, Germany. Founded in 1946, the team competes in the Basketball Bundesliga (BBL) and the EuroLeague. After a period of obscurity, the club experienced a resurgence in the 2010s and has since become a German powerhouse, winning six national championships."""
Žalgiris Kaunas,https://upload.wikimedia.org/wikipedia/en/thumb/0/0e/BC_%C5%BDalgiris_logo.svg/250px-BC_%C5%BDalgiris_logo.svg.png,eu,1944-01-01,"""A professional basketball club based in Kaunas, Lithuania. Founded in 1944, Žalgiris is the most decorated basketball club in the country, with 25 Lithuanian championships. The club won the EuroLeague championship in 1999 and is a symbol of Lithuanian national identity."""
CSKA Moscow (basketball),https://upload.wikimedia.org/wikipedia/en/thumb/7/7e/PBC_CSKA_Moscow_logo.svg/150px-PBC_CSKA_Moscow_logo.svg.png,eu,1923-04-23,"""A Russian professional basketball team based in Moscow, founded in 1923. It is the most successful basketball team in Russian and Soviet history, with 8 EuroLeague championships and numerous domestic titles. The club is currently suspended from EuroLeague competition."""
Valencia Basket,https://upload.wikimedia.org/wikipedia/en/thumb/c/c5/Valencia_Basket_Club.svg/250px-Valencia_Basket_Club.svg.png,eu,1986-07-15,"""A professional basketball team based in Valencia, Spain. Founded in 1986, the club competes in the Liga ACB and EuroLeague. Valencia has won the EuroCup a record four times and won its first Spanish League championship in 2017."""
Virtus Bologna,https://upload.wikimedia.org/wikipedia/commons/thumb/6/63/Virtus_Bologna_Logo.png/250px-Virtus_Bologna_Logo.png,eu,1927-01-01,"""An Italian professional basketball club from Bologna, founded in 1927. Known as the """"Black V's,"""" Virtus is one of Italy's most titled clubs, with seventeen national championships, two EuroLeague titles, and a EuroCup title. They have a historic rivalry with the city's other team, Fortitudo Bologna."""
Crvena zvezda (basketball),https://upload.wikimedia.org/wikipedia/en/thumb/0/01/KK_Crvena_zvezda_logo.svg/175px-KK_Crvena_zvezda_logo.svg.png,eu,1945-03-04,"""A men's professional basketball club based in Belgrade, Serbia, part of the Red Star multi-sports club. Founded in 1945, it is one of the most successful clubs in Serbia, with 24 national league championships and a FIBA Saporta Cup title in 1974. The club has a fierce rivalry with Partizan."""
Partizan Belgrade basketball,https://upload.wikimedia.org/wikipedia/commons/thumb/7/79/KK_Partizan_logo.svg/250px-KK_Partizan_logo.svg.png,eu,1945-10-04,"""A professional basketball club based in Belgrade, Serbia, part of the Partizan multi-sports club. Founded in 1945, the team has won 22 national championships and 8 Adriatic League titles. Their most notable achievement is winning the EuroLeague championship in 1992."""
AS Monaco Basket,https://upload.wikimedia.org/wikipedia/en/thumb/d/d3/AS_Monaco_Basket.svg/175px-AS_Monaco_Basket.svg.png,eu,1928-01-01,"""A French-registered, Monaco-based professional basketball club founded in 1928. A part of the A.S. Monaco multi-sports club, the team plays in the French LNB Élite and the EuroLeague. They won their first EuroCup title in 2021 and have become a major force in European basketball."""
Paris Basketball,https://upload.wikimedia.org/wikipedia/en/thumb/8/86/Logo_Paris_Basketball.svg/250px-Logo_Paris_Basketball.svg.png,eu,2018-07-12,"""A French professional basketball club based in Paris, founded in 2018. The club rapidly ascended to the top tier LNB Élite and made its EuroLeague debut in the 2024-25 season after winning the 2023–24 EuroCup title."""
Bamberg Baskets,https://upload.wikimedia.org/wikipedia/commons/thumb/d/d5/Bamberg-baskets-logo.svg/250px-Bamberg-baskets-logo.svg.png,eu,1955-01-01,"""A German professional basketball team from Bamberg, Bavaria. Founded in 1955, the club has won the German Championship nine times and the German Cup six times. Known for its passionate fan base, the team competes in the Basketball Bundesliga (BBL)."""
Ratiopharm Ulm,https://upload.wikimedia.org/wikipedia/en/thumb/e/ed/Ratiopharm_Ulm_logo.svg/150px-Ratiopharm_Ulm_logo.svg.png,eu,2001-01-01,"""A German professional basketball club based in Ulm, Germany. Founded in 2001, the team plays in the Basketball Bundesliga (BBL). They won their first-ever national championship in 2023 as the seventh seed, the lowest seed ever to win the title."""
Riesen Ludwigsburg,https://upload.wikimedia.org/wikipedia/en/thumb/f/f6/MHP_Riesen_Ludwigsburg_logo.svg/250px-MHP_Riesen_Ludwigsburg_logo.svg.png,eu,1960-01-01,"""A professional basketball club based in Ludwigsburg, Germany. Founded in 1960, the club has been a regular in the top-tier Basketball Bundesliga (BBL) since the 1986–87 season. They reached the German finals for the first time in 2020."""
Telekom Baskets Bonn,https://upload.wikimedia.org/wikipedia/en/thumb/0/0f/Telekom_Baskets_Bonn_Logo.png/250px-Telekom_Baskets_Bonn_Logo.png,eu,1992-01-01,"""A German professional basketball club based in Bonn, Germany. Founded in 1992, the team plays in the Basketball Bundesliga (BBL). In 2023, the Baskets won the Basketball Champions League, the club's first-ever major title."""
Unicaja,https://upload.wikimedia.org/wikipedia/en/thumb/4/41/CB_Unicaja_Logo.png/250px-CB_Unicaja_Logo.png,eu,1977-01-01,"""A professional basketball club based in Málaga, Spain. Originally founded in 1977 as CB Caja de Ronda, the club merged with CB Maristas de Málaga in 1992. Unicaja has won one Spanish League title (2006), one EuroCup (2017), and two Basketball Champions League titles (2024, 2025)."""
Beijing Ducks,https://upload.wikimedia.org/wikipedia/en/thumb/8/84/Beijing_Ducks_logo.png/250px-Beijing_Ducks_logo.png,as,1956-01-01,"""A professional basketball team based in Beijing, China, playing in the Chinese Basketball Association (CBA). The club was formed in 1956 and became a professional team in 1995. The Ducks won three CBA championships in four years between 2012 and 2015, led by former NBA All-Star Stephon Marbury."""
Liaoning Flying Leopards,https://upload.wikimedia.org/wikipedia/en/thumb/1/11/Liaoning_Flying_Leopards.png/250px-Liaoning_Flying_Leopards.png,as,1953-01-01,"""A professional basketball team based in Shenyang, Liaoning, China. The club's history dates to 1953, and it became a founding member of the CBA in 1995. The Flying Leopards are a dominant force in the CBA, having won four championships, including three consecutive titles from 2022 to 2024."""
Guangdong Southern Tigers,https://upload.wikimedia.org/wikipedia/en/thumb/1/15/Guangdong_Southern_Tigers.png/250px-Guangdong_Southern_Tigers.png,as,1993-01-01,"""A Chinese professional basketball team based in Dongguan, Guangdong. Established in 1993, it is the most successful team in CBA history, having won a record 11 championships. The Tigers are the only team to have qualified for the CBA playoffs every season since the league's inception."""
Xinjiang Flying Tigers,https://upload.wikimedia.org/wikipedia/en/thumb/4/44/Xinjiang_Flying_Tigers.png/250px-Xinjiang_Flying_Tigers.png,as,1999-01-01,"""A professional basketball team based in Ürümqi, Xinjiang, China. The club joined the CBA in 1999 and has been a perennial contender, making six finals appearances. The Flying Tigers won their first CBA championship in the 2016–17 season."""
Shanghai Sharks,https://upload.wikimedia.org/wikipedia/en/thumb/3/38/Shanghai_Sharks_logo.png/170px-Shanghai_Sharks_logo.png,as,1996-01-01,"""A professional basketball team based in Shanghai, China, founded in 1996. The Sharks are best known internationally as the team that developed Hall of Famer Yao Ming. With Yao, the team made three consecutive CBA Finals, winning the championship in 2002."""
Zhejiang Lions,https://upload.wikimedia.org/wikipedia/en/thumb/1/10/Zhejiang_Lions.png/250px-Zhejiang_Lions.png,as,2005-01-01,"""A Chinese professional basketball team based in Hangzhou, Zhejiang. Founded in 2005, the team is also known as the Zhejiang Guangsha Lions. They have been runners-up in the CBA Finals twice, in 2018 and 2022, and won their first championship in 2025."""
Shenzhen Leopards,https://upload.wikimedia.org/wikipedia/en/thumb/4/4a/Shenzhen_Leopards.svg/250px-Shenzhen_Leopards.svg.png,as,2003-01-01,"""A Chinese professional basketball team based in Shenzhen, Guangdong. Founded in 2003 as the Dongguan New Century Leopards, the team relocated to Shenzhen in 2015. The team has been a regular participant in the CBA playoffs."""
Shandong Hi-Speed Kirin,https://upload.wikimedia.org/wikipedia/en/thumb/3/38/Shandong_Golden_Stars.png/250px-Shandong_Golden_Stars.png,as,1995-01-01,"""A professional basketball team based in Jinan, Shandong, China. Founded in 1995, the team has gone through several names, including the Flaming Bulls and Heroes. Their most successful season was in 2012–13, when they reached the CBA Finals."""
Jilin Northeast Tigers,https://upload.wikimedia.org/wikipedia/en/thumb/8/8e/Jilin_Northeast_Tigers.PNG/250px-Jilin_Northeast_Tigers.PNG,as,1956-01-01,"""A professional basketball team based in Changchun, Jilin, China. The team was founded in 1956 and became a professional club in 1998. The team's mascot is a Siberian tiger, reflecting the region's geography."""
Shanxi Loongs,http://commons.wikimedia.org/wiki/Special:FilePath/Shanxi_Brave_Dragons_logo.jpg,as,2001-01-01,"""A Chinese professional basketball team based in Taiyuan, Shanxi. Founded in 2001, the team was known as the Brave Dragons until 2018. The team's name, Loongs, is the Chinese word for dragon, which is also the team's mascot."""
Barangay Ginebra San Miguel,https://upload.wikimedia.org/wikipedia/commons/thumb/2/24/Barangay_Ginebra_San_Miguel_logo.png/250px-Barangay_Ginebra_San_Miguel_logo.png,as,1979-01-01,"""A professional basketball team in the Philippine Basketball Association (PBA), founded in 1979. Owned by Ginebra San Miguel, Inc., it is widely regarded as the most popular team in the league, known for its """"Never Say Die"""" spirit. The team has won 15 PBA championships."""
San Miguel Beermen,https://upload.wikimedia.org/wikipedia/en/thumb/f/fe/San_Miguel_Beermen_logo.svg/250px-San_Miguel_Beermen_logo.svg.png,as,1975-01-01,"""The most successful team in the history of the Philippine Basketball Association (PBA), with a record 30 championships. The Beermen are the only remaining original franchise from the league's inception in 1975. They completed a rare Grand Slam in 1989."""
Magnolia Hotshots,https://upload.wikimedia.org/wikipedia/en/e/e4/Magnolia_Chicken_Timplados_Hotshots_logo.png,as,1988-01-01,"""A professional basketball team in the PBA, founded in 1988. Owned by San Miguel Food and Beverage, the franchise is most famous for its original name, Purefoods. The team has won 14 PBA titles and is the fourth team in league history to win a Grand Slam (2014)."""
TNT Tropang Giga,https://upload.wikimedia.org/wikipedia/en/thumb/8/8a/TNT_Tropang_5G_logo.png/250px-TNT_Tropang_5G_logo.png,as,1990-01-01,"""A professional basketball team in the PBA, founded in 1990. Owned by Smart Communications, the team has played under various names, including Pepsi and Talk 'N Text. The franchise has won 11 official PBA titles and is considered one of the league's modern powerhouses."""
Meralco Bolts,https://upload.wikimedia.org/wikipedia/en/thumb/3/3c/Meralco_Bolts_logo_NEW.png/250px-Meralco_Bolts_logo_NEW.png,as,2010-01-01,"""A professional basketball team in the PBA, founded in 2010 after the Manila Electric Company (MERALCO) acquired the franchise of the Sta. Lucia Realtors. The team won its first PBA championship in the 2024 Philippine Cup."""
Rain or Shine Elasto Painters,https://upload.wikimedia.org/wikipedia/en/thumb/0/0b/Rain_or_Shine_Elasto_Painters_team_logo.png/250px-Rain_or_Shine_Elasto_Painters_team_logo.png,as,2006-01-01,"""A professional basketball team in the PBA, owned by Asian Coatings Philippines, Inc. The team joined the league in 2006 after a successful stint in the amateur Philippine Basketball League. The Elasto Painters have won two PBA championships (2012, 2016)."""
NLEX Road Warriors,https://upload.wikimedia.org/wikipedia/en/thumb/7/70/NLEX_Road_Warriors_logo_2018.png/250px-NLEX_Road_Warriors_logo_2018.png,as,2014-01-01,"""A professional basketball team in the PBA, owned by NLEX Corporation. The franchise transferred to the PBA in 2014 after dominating the PBA D-League, where it won six championships. The team is one of three PBA teams controlled by businessman Manuel V. Pangilinan."""
Phoenix Super LPG Fuel Masters,https://upload.wikimedia.org/wikipedia/en/thumb/6/65/Phoenix_Super_LPG_Fuel_Masters_logo.png/250px-Phoenix_Super_LPG_Fuel_Masters_logo.png,as,2016-01-01,"""A professional basketball team in the PBA owned by Phoenix Petroleum Philippines, Inc. The franchise debuted in 2016 after acquiring the Barako Bull Energy franchise. The team is known for its fast-paced style of play."""
Blackwater Bossing,https://upload.wikimedia.org/wikipedia/en/thumb/3/36/Blackwater_Bossing_logo.svg/250px-Blackwater_Bossing_logo.svg.png,as,2014-01-01,"""A professional basketball team in the PBA, owned by Ever Bilena Cosmetics, Inc. The franchise joined the PBA in 2014 as an expansion team after a successful run in the PBA D-League. The team is named after the company's brand of men's fragrances."""
Terrafirma Dyip,https://upload.wikimedia.org/wikipedia/en/a/a2/Terrafirma_Dyip_PBA_team_logo.png,as,2014-01-01,"""A professional basketball team in the PBA, owned by Terrafirma Realty Development Corporation. The franchise joined the league in 2014 as an expansion team and has played under several brand names, including Kia, Mahindra, and Columbian, before adopting its current name."""
Utsunomiya Brex,https://upload.wikimedia.org/wikipedia/en/thumb/9/93/Utsonomiya_Brex_loog.png/250px-Utsonomiya_Brex_loog.png,as,2007-01-01,"""A Japanese professional basketball team based in Utsunomiya, Tochigi Prefecture. Founded in 2007, the team competes in the B.League. The name """"Brex"""" is a portmanteau of """"Breakthrough"""" and the Latin word """"Rex"""" (king). The team has won three B.League championships."""
Ryukyu Golden Kings,https://upload.wikimedia.org/wikipedia/en/thumb/3/35/Ryukyu_Golden_Kings_logo_19.png/250px-Ryukyu_Golden_Kings_logo_19.png,as,2007-01-01,"""A Japanese professional basketball team based in Okinawa. Founded in 2007, the team competes in the B.League. The Golden Kings are one of the most successful teams in Japanese basketball history, having won four titles in the precursor bj league and one B.League championship in 2023."""
Alvark Tokyo,https://upload.wikimedia.org/wikipedia/commons/thumb/0/07/Alvark_Tokyo_logo.png/250px-Alvark_Tokyo_logo.png,as,1948-01-01,"""A Japanese professional basketball team based in Tokyo. Sponsored by Toyota, the club was founded in 1948 as the Toyota Pacers. The team has been the reigning back-to-back champion of the B.League and has a long history of success in Japanese basketball."""
Chiba Jets Funabashi,https://upload.wikimedia.org/wikipedia/en/thumb/4/4f/ChibaJetsEmblem.svg/250px-ChibaJetsEmblem.svg.png,as,2005-01-01,"""A Japanese professional basketball team located in Funabashi, Chiba. Founded in 2005, the team competes in the B.League, which they won in 2021. The team has also won five Emperor's Cups and two East Asia Super League titles."""
Kawasaki Brave Thunders,https://upload.wikimedia.org/wikipedia/en/thumb/e/e7/Kawasaki_Brave_Thunders_logo.jpg/250px-Kawasaki_Brave_Thunders_logo.jpg,as,1950-01-01,"""A professional basketball team based in Kawasaki, Kanagawa, Japan. Founded in 1950, the team competes in the B.League. They were the champions of the final season of the National Basketball League (NBL) in 2016 before the formation of the B.League."""
Adelaide 36ers,https://upload.wikimedia.org/wikipedia/en/thumb/2/23/Adelaide_36ers_logo.svg/250px-Adelaide_36ers_logo.svg.png,oc,1982-01-01,"""An Australian professional basketball team based in Adelaide, South Australia. The club joined the NBL in 1982 as the Adelaide City Eagles before rebranding to the 36ers in 1983, a name reflecting the 1836 founding of the colony of South Australia. The 36ers have won four NBL championships."""
Brisbane Bullets,https://upload.wikimedia.org/wikipedia/en/thumb/7/7f/Brisbane_Bullets_logo.svg/250px-Brisbane_Bullets_logo.svg.png,oc,1979-01-01,"""An Australian professional basketball team based in Brisbane, Queensland. The Bullets are one of the NBL's foundation teams from its inaugural 1979 season. The team has won three NBL championships (1985, 1987, 2007) and has a historic rivalry with the Adelaide 36ers."""
Cairns Taipans,https://upload.wikimedia.org/wikipedia/en/thumb/f/f9/Cairns_Taipans_logo.svg/250px-Cairns_Taipans_logo.svg.png,oc,1999-01-01,"""An Australian professional basketball team based in Cairns, Queensland. Founded in 1999, the Taipans are known for their passionate home crowd at the Cairns Convention Centre, nicknamed """"The Snakepit"""". They have reached the NBL Grand Final twice (2011, 2015) but have yet to win a championship."""
Illawarra Hawks,https://upload.wikimedia.org/wikipedia/en/thumb/f/f8/Illawarra_Hawks.png/330px-Illawarra_Hawks.png,oc,1979-01-01,"""Based in Wollongong, New South Wales, the Illawarra Hawks are the only remaining foundation club to have competed in every NBL season since 1979. The team won its first NBL championship in 2001 and its second in 2025."""
Melbourne United,https://upload.wikimedia.org/wikipedia/en/thumb/4/40/Melbourne_United_Primary_Logo_2024.png/250px-Melbourne_United_Primary_Logo_2024.png,oc,1984-01-01,"""An Australian professional basketball team based in Melbourne, Victoria. The franchise debuted in the NBL in 1984 as the Melbourne Tigers and was rebranded as Melbourne United in 2014. The club has won six NBL championships, the second-most in league history."""
New Zealand Breakers,https://upload.wikimedia.org/wikipedia/commons/thumb/6/6d/New_Zealand_Breakers_logo.svg/330px-New_Zealand_Breakers_logo.svg.png,oc,2003-01-01,"""A New Zealand professional basketball team based in Auckland. The Breakers are the only non-Australian team in the NBL. Founded in 2003, they have won four NBL championships, including a historic three-peat from 2011 to 2013."""
Perth Wildcats,https://upload.wikimedia.org/wikipedia/en/thumb/5/50/Perth_Wildcats.png/330px-Perth_Wildcats.png,oc,1982-01-01,"""An Australian professional basketball team based in Perth, Western Australia. Founded in 1982, the Wildcats are the most successful team in NBL history, having won a record 10 championships. They hold a league-record streak of 35 consecutive playoff appearances from 1987 to 2021."""
South East Melbourne Phoenix,https://upload.wikimedia.org/wikipedia/en/thumb/2/21/South_East_Melbourne_Phoenix_logo.svg/250px-South_East_Melbourne_Phoenix_logo.svg.png,oc,2018-01-01,"""An Australian professional basketball team based in south-eastern Melbourne. The Phoenix entered the NBL as an expansion team in the 2019–20 season. The team plays its home games at John Cain Arena, known as """"The Fire Pit"""" during their games."""
Sydney Kings,https://upload.wikimedia.org/wikipedia/en/thumb/c/cb/Sydney_Kings_logo.svg/330px-Sydney_Kings_logo.svg.png,oc,1987-10-14,"""An Australian professional basketball team based in Sydney, New South Wales. Formed in 1987 from a merger of two existing Sydney teams, the Kings have won five NBL championships. They were the first team in league history to win three consecutive titles (2003-2005)."""
Tasmania JackJumpers,https://upload.wikimedia.org/wikipedia/en/thumb/0/0e/Tasmania_JackJumpers_Logo.svg/250px-Tasmania_JackJumpers_Logo.svg.png,oc,2020-01-01,"""An Australian professional basketball team based in Hobart, Tasmania. The JackJumpers entered the NBL in the 2021–22 season and reached the Grand Final in their inaugural year. They won their maiden NBL championship in 2024."""
Auckland Tuatara (basketball),https://upload.wikimedia.org/wikipedia/en/thumb/6/61/Auckland_Tuatara_Basketball_logo.png/250px-Auckland_Tuatara_Basketball_logo.png,oc,2018-12-01,"""A New Zealand professional basketball team based in Auckland. The franchise was founded in 2018 in Tasmania as the Southern Huskies before relocating to Auckland in 2020. The team competes in the New Zealand NBL and reached the league final in 2022."""
Canterbury Rams,https://upload.wikimedia.org/wikipedia/en/thumb/f/f4/Canterbury_Rams_logo.jpg/250px-Canterbury_Rams_logo.jpg,oc,1982-01-01,"""A New Zealand professional basketball team based in Christchurch. The Rams were a foundation member of the NZNBL in 1982. The club has won six championships, including titles in 1986, 1989, 1990, 1992, 2023, and 2024."""
Franklin Bulls,https://upload.wikimedia.org/wikipedia/en/thumb/b/b5/Franklin_Bulls_logo.png/250px-Franklin_Bulls_logo.png,oc,2019-11-01,"""A New Zealand professional basketball team based in Pukekohe. The Bulls were founded in November 2019 and compete in the New Zealand NBL, playing their home games at the Franklin Pool and Leisure Centre, known as """"The Stockyard""""."""
Hawke's Bay Hawks,https://upload.wikimedia.org/wikipedia/en/thumb/0/08/Hawke%27s_Bay_Hawks_new_logo.png/250px-Hawke%27s_Bay_Hawks_new_logo.png,oc,1983-01-01,"""A New Zealand professional basketball team based in Napier. The franchise began in 1983 as the Napier Sunhawks. The Hawks have made eight NBL Grand Final appearances and won their maiden championship in 2006."""
Manawatu Jets,https://upload.wikimedia.org/wikipedia/en/thumb/6/6d/Manawatu_Jets_new_logo.png/250px-Manawatu_Jets_new_logo.png,oc,1982-01-01,"""A New Zealand professional basketball team based in Palmerston North. The Jets were a foundation member of the NZNBL in 1982. The team has reached the NBL final twice (1992, 2020) but has not yet won a championship."""
Nelson Giants,https://upload.wikimedia.org/wikipedia/en/thumb/6/63/Nelson_Giants_logo.webp/250px-Nelson_Giants_logo.webp.png,oc,1982-01-01,"""A New Zealand professional basketball team based in Nelson. The Giants are the only remaining original team from the NZNBL's inaugural 1982 season. The club has won three championships (1994, 1998, 2007)."""
Otago Nuggets,https://upload.wikimedia.org/wikipedia/en/thumb/d/d1/Otago_Nuggets_logo.jpg/250px-Otago_Nuggets_logo.jpg,oc,1990-01-01,"""A New Zealand professional basketball team based in Dunedin. The Nuggets entered the NZNBL in 1990. After a hiatus, the team returned in 2020 and won their maiden NBL championship in the revised season format. They won a second title in 2022."""
Southland Sharks,https://upload.wikimedia.org/wikipedia/en/thumb/0/07/Southlandsharkslogo.png/250px-Southlandsharkslogo.png,oc,2009-12-01,"""A New Zealand professional basketball team based in Invercargill. Founded in 2009, the Sharks joined the NZNBL for the 2010 season. The team has won three NBL championships (2013, 2015, 2018)."""
Taranaki Airs,https://upload.wikimedia.org/wikipedia/en/thumb/c/c5/Taranaki_Airs_logo.png/250px-Taranaki_Airs_logo.png,oc,1981-01-01,"""A New Zealand professional basketball team based in New Plymouth. The franchise began in 1981 and has played under numerous names, including the Bulls, Bears, and Mountainairs. The team was crowned regular season winners in 1992 and 2022."""
Wellington Saints,https://upload.wikimedia.org/wikipedia/en/thumb/a/a2/Wellington_Saints_logo.svg/250px-Wellington_Saints_logo.svg.png,oc,1981-01-01,"""A New Zealand professional basketball team based in Wellington. Founded in 1981, the Saints are the most successful team in NZNBL history, having won a record 13 championships. They are known for their consistent competitiveness and strong franchise history."""
APR,https://upload.wikimedia.org/wikipedia/en/thumb/c/c9/APR_BBC_logo.png/250px-APR_BBC_logo.png,af,1993-01-01,"""Armée Patriotique Rwandaise Basketball Club, based in Kigali, Rwanda. Founded in 1993 and owned by the Ministry of Defence, APR is the most decorated team in Rwanda with a record 16 national championships. They made their BAL debut in 2024 and finished in third place in the 2025 season."""
ASC Ville de Dakar,https://upload.wikimedia.org/wikipedia/en/thumb/b/be/ASC_Ville_de_Dakar_logo.png/250px-ASC_Ville_de_Dakar_logo.png,af,1980-01-01,"""A Senegalese basketball club based in Dakar. The men's team was founded in 2014 within the multi-sport club established in 1980. They won back-to-back national championships in 2024 and 2025 to qualify for the Basketball Africa League."""
Al Ittihad Alexandria,https://upload.wikimedia.org/wikipedia/en/thumb/7/71/Al-Ittihad_Alexandria_Club_logo.png/250px-Al-Ittihad_Alexandria_Club_logo.png,af,1914-01-01,"""An Egyptian professional basketball club based in Alexandria. Founded in 1914, it is considered the basketball powerhouse of Egypt, having won a record 16 Premier League titles. They also won the FIBA Africa Champions Cup in 1987 and a record 7 Arab Championships."""
Al Ahly Ly,https://upload.wikimedia.org/wikipedia/en/thumb/6/61/Al-Ahly_SC_Benghazi_%28logo%29.png/250px-Al-Ahly_SC_Benghazi_%28logo%29.png,af,1950-01-01,"""A Libyan basketball club based in Benghazi, founded in 1950. The club has won four Libyan championships. They were the runners-up of the 2024 BAL season, becoming the first Libyan team to play in the competition."""
FUS Rabat,https://upload.wikimedia.org/wikipedia/en/thumb/8/8f/Fath_Union_Sport_%28logo%29.png/250px-Fath_Union_Sport_%28logo%29.png,af,1946-04-10,"""A Moroccan basketball club based in Rabat, founded in 1946. FUS is the most successful club in Moroccan history, with a record 20 national titles. They made their debut in the Basketball Africa League in 2024, winning the inaugural Kalahari Conference."""
Kriol Star,https://upload.wikimedia.org/wikipedia/en/thumb/2/20/Kriol_Star_logo.png/250px-Kriol_Star_logo.png,af,2024-01-01,"""A Cape Verdean professional basketball team based in Praia. Established in 2024 by professional players Joel and Ivan Almeida, they became the first club from Cape Verde to qualify for and compete in the Basketball Africa League during the 2025 season."""
Cape Town Tigers,https://upload.wikimedia.org/wikipedia/en/thumb/a/a7/Cape_Town_Tigers_logo.png/250px-Cape_Town_Tigers_logo.png,af,2019-01-01,"""A South African professional basketball team based in Cape Town. Founded in 2019, the Tigers have won three South African national championships and have participated in three seasons of the Basketball Africa League, finishing in fourth place in 2024."""
Nairobi City Thunder,https://upload.wikimedia.org/wikipedia/en/thumb/8/8b/Nairobi_City_Thunder_logo.png/250px-Nairobi_City_Thunder_logo.png,af,1998-01-01,"""A Kenyan professional basketball team based in Nairobi. Founded in 1998, the team has won three national titles. After winning the 2024 KBF Premier League, they qualified for the 2025 BAL season, becoming the first Kenyan team to play in the league."""
Petro de Luanda,https://upload.wikimedia.org/wikipedia/en/thumb/f/ff/Atletico_Petroleos_Luanda_logo.png/250px-Atletico_Petroleos_Luanda_logo.png,af,1980-01-14,"""An Angolan basketball club based in Luanda, founded in 1980. One of the most successful teams in Angola, Petro has won 16 national championships. They are a powerhouse in continental basketball, winning the BAL in 2024 and the FIBA Africa Champions Cup twice (2006, 2015)."""
Rivers Hoopers,https://upload.wikimedia.org/wikipedia/en/thumb/1/11/Rivers_Hoopers_logo.png/250px-Rivers_Hoopers_logo.png,af,2005-01-01,"""A Nigerian professional basketball team based in Port Harcourt. Established in 2005 as Royal Hoopers, the team has won six Nigerian Premier League championships. They have participated in three BAL seasons, achieving a third-place finish in 2024."""
Stade Malien,https://upload.wikimedia.org/wikipedia/en/thumb/4/46/Stade_Malien_logo.png/250px-Stade_Malien_logo.png,af,1960-08-28,"""A Malian basketball team based in Bamako, part of a multi-sports club founded in 1960. The club is highly decorated in Mali, with a record 19 league titles and 25 Malian Cups. They finished in third place in the 2023 BAL season."""
US Monastir,https://upload.wikimedia.org/wikipedia/en/thumb/d/d3/US_Monastir_logo.svg/250px-US_Monastir_logo.svg.png,af,1959-01-01,"""A Tunisian professional basketball club based in Monastir, established in 1959. US Monastir is a dominant force in Tunisian basketball, with nine national league titles. They won the 2022 BAL championship and were runners-up in the inaugural 2021 season."""
Zamalek,https://upload.wikimedia.org/wikipedia/en/thumb/e/ef/Zamalek_SC_logo.svg/250px-Zamalek_SC_logo.svg.png,af,1937-01-01,"""A professional basketball club based in Giza, Egypt, part of the Zamalek SC multi-sports club. Founded in 1937, the team is one of Egypt's most successful, with 18 national league championships. Zamalek won the inaugural Basketball Africa League (BAL) championship in 2021."""
AS Douanes,https://upload.wikimedia.org/wikipedia/en/thumb/f/f1/AS_Douanes_Basket_logo.png/250px-AS_Douanes_Basket_logo.png,af,1980-01-01,"""A Senegalese basketball club from Dakar, founded in 1980 as the basketball section of the national customs agency. AS Douanes is the most decorated club in Senegal with 11 national championships. They were the runners-up of the 2023 BAL season."""
Patriots BBC,https://upload.wikimedia.org/wikipedia/en/thumb/b/b9/Kigali_Patriots_logo.png/250px-Kigali_Patriots_logo.png,af,2014-01-01,"""A professional basketball club based in Kigali, Rwanda, founded in 2014. The team has won four Rwanda Basketball League championships. The Patriots gained international attention in 2021 when American rapper J. Cole played for the team in the inaugural BAL season, where they finished in fourth place."""
